Rank: Player,Team,Pos,DG,JW,TA,AR,RP,DL,BB,DC,OS,Agg.,+/-
1: Bruno Fernandes,MUN,M,1,1,1,1,1,1,1,1,1,1.0,0
2: Erling Haaland,MCI,F,2,2,2,2,2,2,2,2,2,2.0,0
3: Bukayo Saka,ARS,M,4,3,7,4,3,3,4,4,3,3.6,0
4: Cole Palmer,CHE,M,3,6,5,3,4,7,3,3,4,4.0,0
5: Antoine Semenyo,MCI,F,5,4,3,5,5,9,10,5,6,5.6,0
6: Dominik Szoboszlai,LIV,M,6,5,4,7,8,6,5,6,7,6.0,0
7: Jeremy Doku,MCI,M,7,7,8,6,6,4,8,9,9,7.3,0
8: Joao Pedro,CHE,F,13,13,6,8,9,12,7,7,5,8.9,0
9: Florian Wirtz,LIV,M,9,11,9,9,7,8,11,10,18,9.6,0
10: Declan Rice,ARS,M,10,9,13,13,10,11,19,8,8,10.6,0
11: Morgan Gibbs-White,NOT,M,16,8,11,12,14,22,6,11,11,11.9,0
12: Rayan Cherki,MCI,M,11,10,19,11,11,5,50,18,13,13.3,0
13: Alexander Isak,LIV,F,8,16,17,10,19,23,13,12,29,15.7,5
14: Anton Stach,LEE,M,12,20,12,15,16,16,9,23,21,16.0,3
15: Yankuba Minteh,BHA,M,20,19,10,14,21,17,16,22,10,16.7,-2
16: Pascal Gross,BHA,M,19,24,14,18,12,10,26,13,20,17.2,-2
17: Igor Thiago,BRF,F,15,12,26,16,15,18,20,21,16,17.3,-1
18: James Tarkowski,EVE,D,23,14,16,25,13,13,23,17,17,17.6,-3
19: Gabriel Magalhaes,ARS,D,27,17,24,20,18,25,39,15,23,22.0,5
20: Enzo Fernandez,CHE,M,28,22,15,35,23,26,25,20,12,22.8,1
21: Virgil van Dijk,LIV,D,22,18,21,23,24,30,31,14,24,23.2,1
22: Daniel Munoz,CRY,D,18,26,20,24,17,38,33,24,15,23.2,-2
23: Pedro Porro,TOT,D,26,25,30,21,20,15,27,19,26,23.5,0
24: Morgan Rogers,CHE,M,21,40,32,19,28,28,17,16,31,25.2,11
25: Matheus Cunha,MUN,F,17,35,27,17,29,21,14,31,36,25.3,2
26: Bryan Mbeumo,MUN,F,24,27,22,22,26,14,48,37,19,25.3,-1
27: Mohammed Kudus,TOT,M,14,37,23,29,36,45,12,38,22,28.5,1
28: James Garner,EVE,M,42,28,25,37,22,35,29,33,27,30.6,-2
29: Jack Grealish,MCI,M,65,43,18,36,35,32,28,25,14,31.1,-10
30: Cody Gakpo,LIV,F,31,44,33,28,27,19,21,34,49,31.2,-1
31: Marc Guehi,MCI,D,25,15,40,26,30,42,41,27,35,32.1,2
32: Marcus Tavernier,BOU,M,41,33,28,34,34,20,30,32,33,32.1,0
33: Dango Ouattara,BRF,M,39,21,29,31,25,24,49,43,34,32.2,-2
34: Iliman Ndiaye,EVE,M,29,29,41,27,31,33,35,45,25,32.2,-4
35: Bruno Guimaraes,NEW,M,33,52,31,38,41,39,15,26,32,34.4,-1
36: Neco Williams,NOT,D,35,31,36,30,37,34,32,63,45,35.8,6
37: James Hill,BOU,D,37,66,49,46,33,40,36,28,30,38.8,1
38: Patrick Dorgu,MUN,D,60,30,34,44,43,54,18,30,50,40.8,-2
39: Elliot Anderson,MCI,M,36,23,39,33,42,43,55,60,42,41.5,-2
40: Martin Odegaard,ARS,M,34,38,44,43,52,31,22,53,68,42.2,1
41: Ollie Watkins,AVL,F,40,57,43,52,44,46,24,29,48,43.2,-2
42: Matheus Nunes,MCI,D,56,32,52,39,45,72,58,46,28,47.0,3
43: Phil Foden,MCI,M,85,45,37,69,32,27,51,44,56,47.8,3
44: Dominic Calvert-Lewin,LEE,F,48,48,60,42,48,37,61,41,62,49.8,0
45: Adrien Truffert,BOU,D,58,41,54,60,56,62,34,47,37,50.5,3
46: Harry Wilson,LEE,M,47,39,50,51,92,95,38,36,39,51.0,1
47: Jurrien Timber,ARS,D,71,36,42,65,40,57,121,35,47,51.3,-4
48: Maxence Lacroix,CRY,D,67,49,51,53,46,56,92,49,38,53.1,5
49: Enzo Le Fee,SUN,M,38,42,65,68,58,29,44,62,63,53.2,5
50: Ismaila Sarr,CRY,M,44,61,38,71,62,41,47,67,55,54.0,1
51: Danny Ballard,SUN,D,55,88,58,57,39,60,42,61,44,54.0,4
52: Reece James,CHE,D,88,75,53,47,51,66,43,40,52,55.4,-2
53: Nico O'Reilly,MCI,D,43,47,70,66,38,50,77,58,57,56.0,3
54: Nordi Mukiele,SUN,D,61,34,61,56,47,64,69,51,67,58.3,-2
55: Amad Diallo,MUN,M,59,46,45,86,54,36,63,77,70,59.3,-6
56: Mikkel Damsgaard,BRF,M,136,69,46,77,50,55,60,66,41,60.6,2
57: Rayan,BOU,F,30,78,83,32,93,90,37,42,69,61.7,21
58: Viktor Gyokeres,ARS,F,46,56,62,41,78,74,108,39,80,62.6,2
59: Kiernan Dewsbury-Hall,EVE,M,63,71,64,58,53,98,46,50,84,63.4,0
60: Kaoru Mitoma,BHA,M,80,60,55,59,81,53,68,72,53,64.0,1
61: Pedro Neto,CHE,F,54,104,35,50,65,87,79,54,60,64.3,-21
62: Dominic Solanke,TOT,F,32,81,67,63,75,76,45,48,89,65.1,2
63: Lewis Hall,NEW,D,84,67,63,67,59,68,85,59,54,66.8,-1
64: Chris Richards,CRY,D,74,63,66,91,55,52,111,69,40,67.3,-7
65: Jan-Paul van Hecke,TOT,D,72,74,68,61,49,89,118,57,51,67.6,7
66: Antonee Robinson,FUL,D,53,50,79,73,74,51,98,55,95,68.7,2
67: Benjamin Sesko,MUN,F,45,77,56,78,66,48,83,78,79,69.0,-2
68: Youri Tielemans,MUN,M,51,97,77,99,86,47,56,71,58,71.0,3
69: Riccardo Calafiori,ARS,D,49,59,75,40,63,63,119,101,87,71.1,7
70: Malick Thiaw,NEW,D,139,64,69,88,61,49,81,64,71,71.3,-4
71: Marcos Senesi,TOT,D,115,65,59,55,57,96,200,52,43,71.5,-2
72: Kai Havertz,ARS,F,69,55,48,45,84,92,78,86,93,73.3,-2
73: James Maddison,TOT,M,68,133,86,113,60,83,53,75,59,77.9,1
74: Johan Manzambi,AVL,M,66,113,100,49,80,91,70,65,77,78.6,121
75: Omar Alderete,SUN,D,112,58,71,54,67,110,106,56,92,80.2,-8
76: Milos Kerkez,LIV,D,70,51,47,84,72,126,138,70,90,80.6,8
77: Kevin Schade,BRF,F,119,80,76,48,64,44,146,83,103,82.0,-14
78: Alex Iwobi,FUL,M,91,200,90,120,73,58,54,73,73,82.8,-3
79: Jean-Philippe Mateta,CRY,F,50,103,98,80,89,78,40,92,119,84.5,4
80: Eli Kroupi,BOU,F,52,148,72,75,97,106,71,80,91,84.7,2
81: Eberechi Eze,ARS,M,79,72,94,70,68,71,125,105,102,84.9,-4
82: Estevao,CHE,F,82,106,81,107,71,61,97,88,81,86.7,6
83: Pascal Struijk,BHA,D,150,68,92,64,76,123,112,84,64,88.6,-2
84: Mateus Goncalo Espanha Fernandes,TOT,M,87,53,105,94,110,144,90,91,46,90.2,110
85: Sepp van den Berg,BRF,D,126,96,97,62,85,77,82,89,110,91.0,2
86: Michael Kayode,BRF,D,127,54,93,81,79,88,101,93,109,92.2,-7
87: Rayan Ait-Nouri,MCI,D,122,89,73,129,91,93,99,87,61,93.6,-1
88: Alex Scott,BOU,M,92,123,89,114,70,133,64,79,99,95.3,1
89: Rio Ngumoha,LIV,F,120,115,57,95,69,69,95,123,105,95.6,6
90: Jaka Bijol,LEE,D,200,76,99,126,77,99,109,82,76,95.6,0
91: Josko Gvardiol,MCI,D,107,129,96,85,95,108,84,98,82,96.3,5
92: Diego Gomez,BHA,M,143,114,82,98,124,70,102,81,78,97.2,5
93: Adam Wharton,CRY,M,106,138,80,74,129,112,57,85,97,97.8,-2
94: Diogo Dalot,MUN,D,103,83,95,135,87,67,123,95,101,98.3,-9
95: Ethan Ampadu,LEE,M,200,62,78,119,142,100,141,68,65,102.1,-15
96: Beto,EVE,F,95,102,104,103,103,84,107,108,125,103.3,-3
97: Harry Maguire,MUN,D,76,135,106,72,82,97,200,107,124,104.1,-3
98: Harvey Barnes,NEW,M,86,200,84,131,119,104,93,90,106,104.4,14
99: John McGinn,AVL,M,64,100,117,83,106,200,62,130,145,106.7,3
100: Luka Vuskovic,BHA,D,100,107,200,76,83,59,105,200,83,107.9,92
101: Ferdi Kadioglu,BHA,D,78,110,101,79,145,139,136,104,104,110.6,-2
102: Christos Tzolis,ARS,F,200,85,126,101,116,111,89,97,133,110.7,89
103: Maxim De Cuyper,BHA,D,102,109,109,87,113,105,126,110,200,110.8,1
104: Callum Hudson-Odoi,NOT,F,98,150,111,93,98,113,148,99,116,112.1,-3
105: Oliver McBurnie,HUL,F,114,105,121,110,96,101,65,147,200,113.7,10
106: Mats Wieffer,BHA,D,200,87,107,147,104,148,131,76,75,114.5,0
107: Hayden Hackney,EVE,M,94,134,88,200,200,79,74,103,111,115.8,84
108: Noah Okafor,LEE,F,77,101,115,102,121,115,200,120,147,117.5,2
109: Jake O'Brien,EVE,D,109,91,108,108,90,200,200,94,114,118.0,0
110: Jeremie Frimpong,LIV,D,73,131,118,145,94,102,149,127,108,118.1,1
111: Noni Madueke,ARS,M,81,132,120,115,114,86,200,115,150,119.1,2
112: James Justin,LEE,D,83,94,113,200,112,109,110,200,94,119.1,-9
113: Marco Palestra,CHE,D,57,147,114,200,200,122,67,113,74,119.8,80
114: Sven Botman,NEW,D,140,90,122,134,108,65,142,111,148,121.2,-9
115: Nathan Collins,BRF,D,200,86,112,112,99,82,200,124,131,123.7,-1
116: Ryan Gravenberch,LIV,M,200,82,74,96,144,200,200,74,66,124.5,-24
117: Kevin,FUL,F,90,84,125,140,132,141,96,150,200,125.1,1
118: Victor Munoz,LIV,F,200,128,200,82,100,125,52,149,96,126.0,74
119: Evanilson,BOU,F,200,125,85,143,147,200,80,102,86,127.1,-19
120: Jaidon Anthony,BRF,M,62,124,200,90,127,136,200,144,72,127.8,72
121: Mathys Tel,TOT,F,134,200,131,132,88,94,87,200,115,128.0,-13
122: Oscar Bobb,FUL,M,97,137,128,200,139,114,120,125,138,129.0,-5
123: Dan Burn,NEW,D,130,145,119,127,109,138,200,114,128,129.0,-3
124: Omari Hutchinson,NOT,F,99,200,134,105,134,117,86,200,130,131.6,-3
125: Tyrick Mitchell,CRY,D,200,92,103,109,200,119,200,106,113,136.0,-3
126: Abdul Fatawu,IPS,F,75,139,149,200,200,132,66,140,118,136.4,64
127: Granit Xhaka,SUN,M,123,116,124,117,146,200,113,132,200,137.1,-8
128: Hugo Ekitike,LIV,F,118,200,143,148,111,80,134,200,112,138.3,6
129: Yeremy Pino,CRY,M,111,118,133,97,125,200,200,96,200,140.9,-3
130: Nick Woltemade,NEW,F,200,200,110,89,120,200,124,121,122,142.7,-23
131: Jaydee Canvot,CRY,D,105,200,132,200,105,145,200,129,107,145.7,-7
132: William Osula,NEW,F,89,149,146,92,102,131,200,200,200,146.0,-1
133: Yasin Ayari,BHA,M,200,111,135,133,137,124,200,109,200,148.9,5
134: Sandro Tonali,TOT,M,200,120,137,125,107,200,200,133,139,150.9,-1
135: Matty Cash,AVL,D,200,200,130,111,200,200,132,100,100,153.6,0
136: Danny Welbeck,BHA,F,200,200,200,104,150,128,137,139,120,153.7,-11
137: Ola Aina,NOT,D,200,119,123,149,141,200,200,135,127,153.9,4
138: Omar Marmoush,MCI,F,142,200,87,200,115,200,200,136,88,154.7,-10
139: Rodri,MCI,M,200,200,116,121,117,200,200,119,129,155.5,-10
140: Jarrad Branthwaite,EVE,D,138,122,144,200,126,142,200,146,200,156.9,-4
141: Bazoumana Toure,NEW,F,200,127,91,200,200,73,200,141,140,157.3,43
142: Mathias Jensen,BRF,M,121,200,200,124,118,200,88,200,141,158.0,-15
143: Yoane Wissa,NEW,F,200,200,139,128,122,200,115,122,200,159.0,-4
144: Igor Jesus,NOT,F,131,200,200,200,148,200,104,116,117,159.2,41
145: Dejan Kulusevski,TOT,M,101,200,136,150,131,81,200,200,200,160.0,-22
146: Trai Hume,SUN,D,200,130,127,123,140,200,200,200,121,160.3,-14
147: Ryan Sessegnon,FUL,D,104,99,200,200,143,149,143,200,200,163.0,37
148: Jack Hinshelwood,BHA,M,200,200,200,200,135,200,73,118,98,164.7,-11
149: Savio,MCI,M,200,200,200,200,101,75,59,200,200,168.3,-2
150: Leif Davis,IPS,D,200,200,200,200,200,116,94,126,134,168.3,-20